Product Name,Product Price
Bubble Cap,$17.99 USD
Compact Quartz Cap,$19.99 USD
Dichro Marble Slurper Set,$29.99 USD
Dual Purpose Quartz Cap,$19.99 USD
Faceted Reducer,$12.00 USD
Galaxy Marble Slurper Set,$29.99 USD
Hash Juice Sticker,$1.00 USD
Hollow Pillar,$6.00 USD
Marble Stands,$7.00 USD
Nirvana Tower,$49.99 USD
Om Bucket,$59.99 USD
Organic Hash Juice Hat,$40.00 USD
Organic Hash Love Hat,$40.00 USD
Peak Glass Stabilizer,$8.00 USD
Proxy Pipe,$24.99 USD
Puffco Device Stabilizer,$10.00 USD
Quartz Bubble Topper,$19.99 USD
Suppressed Nirvana Tower,$34.99 USD
Surface Enhanced Pillar,$8.00 USD
Terp Dripper,$5.00 USD
Terp Tips,From $11.99 USD
The Chakra,$59.99 USD
The Kamasutra,$79.99 USD
The Lotus,$49.99 USD
The Mantra,$49.99 USD
The Sipper Dry Top,$89.99 USD
Tool Stand,$10.00 USD
Zen Tower,$59.99 USD
